Feature,Train_Mean,Train_Std,Test_Mean,Test_Std
warehouse_width,37.5,7.223151185146152,50.0,0.0
warehouse_height,64.16666666666667,13.055067315364393,85.0,0.0
num_robots,17.708333333333332,10.808611703476156,45.833333333333336,15.140368860459418
num_workstations,3.9375,1.406661171773044,4.25,1.4265220064776551
order_density,0.1625,0.09609777629422885,0.1625,0.09634945139032594
shelf_count,764.1666666666666,278.97327283544877,1260.0,0.0
